Brand,Knife,Steel ,Fe (Iron),C (Carbon),Cr (Chromium),Co (Cobalt),Cu (Copper),Mn (Manganese),Mo (Molybdenum),N (Nickel),Nb (Niobium),N (Nitrogen),Phosphorous (P),Si (Silicon),Sulfur (S),Ti (titanium),W (Tungsten),V (Vanadium),Cuts,Sharperner,Edge angle,Edge finish,Video date,Link,Pete's comments,Count Steel+sharpener,Sharpener,Count Steel+angle,Angle
Spyderco,Mule Team,52100,96.93,1.00,1.45,0.00,0.00,0.35,0.00,0.00,0.00,0.00,0.03,0.23,0.03,0.00,0.00,0.00,370,KME,17,Polished,4/18/2019,https://www.youtube.com/watch?v=ZXz-CIv5NhY,,1,KME,1,17
Ontario,Bushcraft Field Kinife,5160,97.52,0.60,0.80,0.00,0.00,0.83,0.00,0.00,0.00,0.00,0.04,0.23,0.00,0.00,0.00,0.00,59,Worksharp,20,,2/11/2017,https://www.youtube.com/watch?v=pYeOSKkaJbA,,1,Worksharp,1,20
Erickson Knife Works,Small Fixed Blade,W2,97.48,1.18,0.15,0.00,0.00,0.25,0.10,0.20,0.00,0.00,0.00,0.25,0.00,0.00,0.15,0.25,550,Factory,,,7/22/2019,https://www.youtube.com/watch?v=BnR8X2GCny0,,1,Factory,,
Real Steel,E571,14C28N,84.46,0.62,14.00,0.00,0.00,0.55,0.00,0.08,0.00,0.00,0.03,0.25,0.02,0.00,0.00,0.00,71,Worksharp,20,,12/17/2016,https://www.youtube.com/watch?v=SO2maqvQgCA,,1,Worksharp,1,20
Ruike,P831-SF,14C28N,84.46,0.62,14.00,0.00,0.00,0.55,0.00,0.08,0.00,0.00,0.03,0.25,0.02,0.00,0.00,0.00,70,Worksharp,20,,10/14/2017,https://www.youtube.com/watch?v=1oKiuh9d1yI,,2,Worksharp,2,20
Morakniv,Garberg,14C28N,84.46,0.62,14.00,0.00,0.00,0.55,0.00,0.08,0.00,0.00,0.03,0.25,0.02,0.00,0.00,0.00,30,Factory,,,12/13/2017,https://www.youtube.com/watch?v=dPykCjsP1Nk,,1,Factory,,
Morakniv,Garberg,14C28N,84.46,0.62,14.00,0.00,0.00,0.55,0.00,0.08,0.00,0.00,0.03,0.25,0.02,0.00,0.00,0.00,88,Worksharp,20,,12/13/2017,https://www.youtube.com/watch?v=dPykCjsP1Nk,,3,Worksharp,3,20
Morakniv,Garberg,14C28N,84.46,0.62,14.00,0.00,0.00,0.55,0.00,0.08,0.00,0.00,0.03,0.25,0.02,0.00,0.00,0.00,105,Tormek,21,V-grind,12/13/2017,https://www.youtube.com/watch?v=dPykCjsP1Nk,,1,Other,1,21
Morakniv,Garberg,14C28N,84.46,0.62,14.00,0.00,0.00,0.55,0.00,0.08,0.00,0.00,0.03,0.25,0.02,0.00,0.00,0.00,84,Stones,,Scandivex,12/13/2017,https://www.youtube.com/watch?v=dPykCjsP1Nk,,2,Other,,
Ruike,P801,14C28N,84.46,0.62,14.00,0.00,0.00,0.55,0.00,0.08,0.00,0.00,0.03,0.25,0.02,0.00,0.00,0.00,105,Lansky,17,Polished,2/28/2018,https://www.youtube.com/watch?v=WJau5e-ZwPY,,1,Lansky,1,17
Ruike,P801SB,14C28N,84.46,0.62,14.00,0.00,0.00,0.55,0.00,0.08,0.00,0.00,0.03,0.25,0.02,0.00,0.00,0.00,15,Tormek,12,,6/16/2018,https://www.youtube.com/watch?v=Tstwjn525jQ,Rolled too quickly,3,Other,1,12
Ruike,P801SB,14C28N,84.46,0.62,14.00,0.00,0.00,0.55,0.00,0.08,0.00,0.00,0.03,0.25,0.02,0.00,0.00,0.00,215,Tormek,12,Microbevel,6/16/2018,https://www.youtube.com/watch?v=Tstwjn525jQ,,4,Other,2,12
Ruike,P852,14C28N,84.46,0.62,14.00,0.00,0.00,0.55,0.00,0.08,0.00,0.00,0.03,0.25,0.02,0.00,0.00,0.00,90,Factory,,,11/29/2018,https://www.youtube.com/watch?v=-WP2ti3dkoU&t=7s,,2,Factory,,
Spyderco,Mule Team,B70P,80.93,1.10,14.00,0.00,0.00,0.40,2.00,0.00,0.25,0.00,0.01,0.30,0.01,0.00,0.00,1.00,450,KME,17,Polished,6/8/2019,https://www.youtube.com/watch?v=4uczlhcAYWE,,1,KME,1,17
Spyderco,Mule Team,B75P,78.30,1.15,14.50,0.00,0.00,0.50,4.00,0.00,0.00,0.00,0.00,0.30,0.00,0.00,0.00,1.25,325,KME,17,Polished,6/8/2019,https://www.youtube.com/watch?v=4uczlhcAYWE,,1,KME,1,17
Benchmade,Griptillian,CPM 20CV,71.90,1.90,20.00,0.00,0.00,0.30,1.00,0.00,0.00,0.00,0.00,0.30,0.00,0.00,0.60,4.00,351,Worksharp,20,,8/16/2017,https://www.youtube.com/watch?v=2v6NbEed7rA,,1,Worksharp,1,20
ZT,0470,CPM 20CV,71.90,1.90,20.00,0.00,0.00,0.30,1.00,0.00,0.00,0.00,0.00,0.30,0.00,0.00,0.60,4.00,150,Factory,,,12/5/2018,https://www.youtube.com/watch?v=QJF4simAb3M,,1,Factory,,
ZT,0470,CPM 20CV,71.90,1.90,20.00,0.00,0.00,0.30,1.00,0.00,0.00,0.00,0.00,0.30,0.00,0.00,0.60,4.00,375,KME,17,1500 grit + 3000 grit strop,12/5/2018,https://www.youtube.com/watch?v=QJF4simAb3M,,1,KME,1,17
Leatherman,Skeletool CX,154 CM,80.15,1.05,14.00,0.00,0.00,0.50,4.00,0.00,0.00,0.00,0.00,0.30,0.00,0.00,0.00,0.00,124,Worksharp,20,,12/23/2016,https://www.youtube.com/watch?v=MzBR1jnYURs,,1,Worksharp,1,20
Leatherman,Charge Plus,154 CM,80.15,1.05,14.00,0.00,0.00,0.50,4.00,0.00,0.00,0.00,0.00,0.30,0.00,0.00,0.00,0.00,150,Tormek,21,,6/27/2018,https://www.youtube.com/watch?v=DLWil_ECChU,,1,Other,1,21
Ontario,SK-5,154 CM,80.15,1.05,14.00,0.00,0.00,0.50,4.00,0.00,0.00,0.00,0.00,0.30,0.00,0.00,0.00,0.00,100,Factory,,,10/31/2018,https://www.youtube.com/watch?v=dtdZJYDUVPk,,1,Factory,,
Emerson,A100,154 CM,80.15,1.05,14.00,0.00,0.00,0.50,4.00,0.00,0.00,0.00,0.00,0.30,0.00,0.00,0.00,0.00,136,Factory,25,,2/27/2019,https://www.youtube.com/watch?v=GxUlvisym08,Chisel grind edge,2,Factory,1,25
Emerson,A100,154 CM,80.15,1.05,14.00,0.00,0.00,0.50,4.00,0.00,0.00,0.00,0.00,0.30,0.00,0.00,0.00,0.00,225,KME,25,Polished,2/27/2019,https://www.youtube.com/watch?v=GxUlvisym08,Chisel grind edge,1,KME,2,25
Bark River,MKB-9 FOBOS Design,CPM 154,80.15,1.05,14.00,0.00,0.00,0.50,4.00,0.00,0.00,0.00,0.00,0.30,0.00,0.00,0.00,0.00,186,Factory,,,11/15/2018,https://www.youtube.com/watch?v=C1SIxuq0Tzw,,1,Factory,,
Spyderco,Stretch 2,V-Toku 2,96.09,1.05,0.35,0.00,0.00,0.40,0.00,0.25,0.00,0.00,0.03,0.35,0.03,0.00,1.25,0.20,190,Factory,,,3/18/2019,https://www.youtube.com/watch?v=H7Z0Grez_OU,,1,Factory,,
Spyderco,Stretch 2,V-Toku 2,96.09,1.05,0.35,0.00,0.00,0.40,0.00,0.25,0.00,0.00,0.03,0.35,0.03,0.00,1.25,0.20,420,KME,17,Polished,3/18/2019,https://www.youtube.com/watch?v=H7Z0Grez_OU,,1,KME,1,17
Cold Steel,Voyager,CTS BD1,81.98,0.90,15.75,0.00,0.00,0.60,0.30,0.00,0.00,0.00,0.00,0.37,0.00,0.00,0.00,0.10,112,Worksharp,20,,1/16/2017,https://www.youtube.com/watch?v=eD2zglgua-I,,1,Worksharp,1,20
Spyderco,Endura,ZDP 189,68.60,3.00,20.00,0.00,0.00,0.50,1.40,0.00,0.00,0.00,0.00,0.40,0.00,0.00,6.00,0.10,336,Worksharp,20,,3/23/2017,https://www.youtube.com/watch?v=pF_zPMBhub8,,1,Worksharp,1,20
Spyderco,Dragonfly II,ZDP 189,68.60,3.00,20.00,0.00,0.00,0.50,1.40,0.00,0.00,0.00,0.00,0.40,0.00,0.00,6.00,0.10,380,Factory,15,,6/7/2018,https://www.youtube.com/watch?v=liIOL9SdXOs,,1,Factory,1,15
Spyderco,Dragonfly II,ZDP 189,68.60,3.00,20.00,0.00,0.00,0.50,1.40,0.00,0.00,0.00,0.00,0.40,0.00,0.00,6.00,0.10,450,Lansky,16,Polished,6/7/2018,https://www.youtube.com/watch?v=liIOL9SdXOs,,1,Lansky,1,16
Spyderco,Dragonfly II,ZDP 189,68.60,3.00,20.00,0.00,0.00,0.50,1.40,0.00,0.00,0.00,0.00,0.40,0.00,0.00,6.00,0.10,330,Worksharp,20,,6/7/2018,https://www.youtube.com/watch?v=liIOL9SdXOs,,2,Worksharp,2,20
Spyderco,Endura,ZDP 189,68.60,3.00,20.00,0.00,0.00,0.50,1.40,0.00,0.00,0.00,0.00,0.40,0.00,0.00,6.00,0.10,345,Factory,20,,4/8/2019,https://www.youtube.com/watch?v=IYIiKv8N7Lk,,2,Factory,3,20
Spyderco,Endura,ZDP 189,68.60,3.00,20.00,0.00,0.00,0.50,1.40,0.00,0.00,0.00,0.00,0.40,0.00,0.00,6.00,0.10,840,KME,17,Polished,4/8/2019,https://www.youtube.com/watch?v=IYIiKv8N7Lk,,1,KME,1,17
Spyderco,Pingo,N690,78.12,1.08,17.30,1.50,0.00,0.40,1.10,0.00,0.00,0.00,0.00,0.40,0.00,0.00,0.00,0.10,87,Worksharp,20,,4/21/2017,https://www.youtube.com/watch?v=3ZMVqpqBRD4,,1,Worksharp,1,20
Cudeman,MT5,N695,78.12,1.08,17.30,1.50,0.00,0.40,1.10,0.00,0.00,0.00,0.00,0.40,0.00,0.00,0.00,0.10,60,Factory,,,5/13/2018,https://www.youtube.com/watch?v=MI8bJp5Yb9o,,1,Factory,,
Cudeman,MT5,N695,78.12,1.08,17.30,1.50,0.00,0.40,1.10,0.00,0.00,0.00,0.00,0.40,0.00,0.00,0.00,0.10,100,Lansky,20,Toothy,5/13/2018,https://www.youtube.com/watch?v=MI8bJp5Yb9o,,1,Lansky,1,20
Cudeman,MT5,N695,78.12,1.08,17.30,1.50,0.00,0.40,1.10,0.00,0.00,0.00,0.00,0.40,0.00,0.00,0.00,0.10,410,Tormek,12,,7/9/2018,https://www.youtube.com/watch?v=wXLgBC8p5g4,,1,Other,1,12
Cold Steel,Broken Skull,CTS XHP,79.90,1.60,16.00,0.00,0.00,0.50,0.80,0.35,0.00,0.00,0.00,0.40,0.00,0.00,0.00,0.45,242,Worksharp,20,,1/10/2017,https://www.youtube.com/watch?v=W7D98zJE1bM,,1,Worksharp,1,20
Spyderco,Chaparral,CTS XHP,79.90,1.60,16.00,0.00,0.00,0.50,0.80,0.35,0.00,0.00,0.00,0.40,0.00,0.00,0.00,0.45,295,Unknown,,Polished V-grind,4/29/2017,https://www.youtube.com/watch?v=7afioWYuah4,,1,Other,,
Cold Steel,American Lawman,CTS XHP,79.90,1.60,16.00,0.00,0.00,0.50,0.80,0.35,0.00,0.00,0.00,0.40,0.00,0.00,0.00,0.45,370,Lansky,17,Polished,2/4/2018,https://www.youtube.com/watch?v=-7RJi6oRWSE,,1,Lansky,1,17
Cold Steel,American Lawman,CTS XHP,79.90,1.60,16.00,0.00,0.00,0.50,0.80,0.35,0.00,0.00,0.00,0.40,0.00,0.00,0.00,0.45,600,Tormek,12,,6/28/2018,https://www.youtube.com/watch?v=ilGq1TBBkhI,,2,Other,1,12
Spyderco,Chaparral,CTS XHP,79.90,1.60,16.00,0.00,0.00,0.50,0.80,0.35,0.00,0.00,0.00,0.40,0.00,0.00,0.00,0.45,450,KME,18,Polished,3/22/2019,https://www.youtube.com/watch?v=Hz73CvjVbnA,,1,KME,1,18
Spyderco,Junction,PSF27,83.60,1.55,12.00,0.00,0.00,0.40,0.75,0.00,0.00,0.30,0.00,0.40,0.00,0.00,0.00,1.00,375,Factory,20,,3/22/2019,https://www.youtube.com/watch?v=Hz73CvjVbnA,,1,Factory,1,20
Spyderco,Junction,PSF27,83.60,1.55,12.00,0.00,0.00,0.40,0.75,0.00,0.00,0.30,0.00,0.40,0.00,0.00,0.00,1.00,550,KME,17,Polished,3/22/2019,https://www.youtube.com/watch?v=Hz73CvjVbnA,,1,KME,1,17
Spyderco,Mule Team,PSF27,83.60,1.55,12.00,0.00,0.00,0.40,0.75,0.00,0.00,0.30,0.00,0.40,0.00,0.00,0.00,1.00,450,KME,17,Polished,7/25/2019,https://www.youtube.com/watch?v=91OyDvPu-Rc,,2,KME,2,17
ZT,0180,Vanadis 4 Extra,86.00,1.40,4.70,0.00,0.00,0.40,3.40,0.00,0.00,0.00,0.00,0.40,0.00,0.00,0.00,3.70,225,Worksharp,20,,7/19/2017,https://www.youtube.com/user/CedricAda/videos,Knife was very uncomfortable for testing,1,Worksharp,1,20
ZT,0180,Vanadis 4 Extra,86.00,1.40,4.70,0.00,0.00,0.40,3.40,0.00,0.00,0.00,0.00,0.40,0.00,0.00,0.00,3.70,294,Unknown,,Toothy V-grind,8/22/2017,https://www.youtube.com/watch?v=HR23OG3KroE,,1,Other,,
Bradford,Guardian 4,Vanadis 4 Extra,86.00,1.40,4.70,0.00,0.00,0.40,3.40,0.00,0.00,0.00,0.00,0.40,0.00,0.00,0.00,3.70,675,KME,18,Polished,3/18/2019,https://www.youtube.com/watch?v=5D3GJn1qzLM,,1,KME,1,18
DB Blades,EDC,AEB-L,85.45,0.68,12.80,0.00,0.00,0.65,0.00,0.00,0.00,0.00,0.01,0.40,0.01,0.00,0.00,0.00,108,Worksharp,20,,8/21/2017,https://www.youtube.com/watch?v=_1nw5NIPSWQ,,1,Worksharp,1,20
Opinal,DYI,12C27M,83.95,0.52,14.50,0.00,0.00,0.60,0.00,0.00,0.00,0.00,0.03,0.40,0.01,0.00,0.00,0.00,55,Worksharp,20,,10/25/2017,https://www.youtube.com/watch?v=guJiPuhdkQE,,1,Worksharp,1,20
Morakniv,?,12C27,85.07,0.60,13.50,0.00,0.00,0.40,0.00,0.00,0.00,0.00,0.03,0.40,0.01,0.00,0.00,0.00,88,Stones,,Scandi,1/17/2017,https://www.youtube.com/watch?v=68idBJFxuUE,,1,Other,,
Greystone,custom,12C27,85.07,0.60,13.50,0.00,0.00,0.40,0.00,0.00,0.00,0.00,0.03,0.40,0.01,0.00,0.00,0.00,85,Worksharp,20,,11/5/2017,https://www.youtube.com/watch?v=kpBanPGhdSw,,1,Worksharp,1,20
Morakniv,Companion,12C27,85.07,0.60,13.50,0.00,0.00,0.40,0.00,0.00,0.00,0.00,0.03,0.40,0.01,0.00,0.00,0.00,70,Factory,,,10/31/2018,https://www.youtube.com/watch?v=dtdZJYDUVPk,,1,Factory,,
Gerber,Index,5Cr15MoV,83.57,0.50,15.00,0.00,0.00,0.34,0.06,0.00,0.00,0.00,0.03,0.41,0.00,0.00,0.00,0.10,37,Worksharp,20,,10/14/2017,https://www.youtube.com/watch?v=1oKiuh9d1yI,,1,Worksharp,1,20
Tangram,Santa Fe,ACUTO 440,79.56,0.88,17.50,0.00,0.00,0.33,1.00,0.00,0.00,0.00,0.20,0.43,0.02,0.00,0.00,0.10,80,Worksharp,20,,8/10/2018,https://www.youtube.com/watch?v=c4VJ-A6jcXo,,1,Worksharp,1,20
Tangram,Santa Fe,ACUTO 440,79.56,0.88,17.50,0.00,0.00,0.33,1.00,0.00,0.00,0.00,0.20,0.43,0.02,0.00,0.00,0.10,90,Factory,18,,8/10/2018,https://www.youtube.com/watch?v=c4VJ-A6jcXo,,1,Factory,1,18
Tangram,Santa Fe,ACUTO 440,79.56,0.88,17.50,0.00,0.00,0.33,1.00,0.00,0.00,0.00,0.20,0.43,0.02,0.00,0.00,0.10,180,KME,17,"Polished (160,000)",8/10/2018,https://www.youtube.com/watch?v=c4VJ-A6jcXo,,1,KME,1,17
Tonife,Luminescence,8Cr14MoV,83.47,0.80,14.50,0.00,0.00,0.16,0.22,0.22,0.00,0.00,0.03,0.45,0.01,0.00,0.00,0.14,56,Worksharp,20,,1/19/2018,https://www.youtube.com/watch?v=RWrK-ksUmBg,,1,Worksharp,1,20
CRKT,Pilar,8Cr14Mov,83.47,0.80,14.50,0.00,0.00,0.16,0.22,0.22,0.00,0.00,0.03,0.45,0.01,0.00,0.00,0.14,90,,,Factory,9/9/2019,https://www.youtube.com/watch?v=oSr5F3oI32g,,#REF!,#REF!,,
CRKT,Swindle,8Cr13MoV,84.82,0.80,13.00,0.00,0.00,0.40,0.15,0.20,0.00,0.00,0.02,0.50,0.01,0.00,0.00,0.10,39,Worksharp,20,,12/27/2016,https://www.youtube.com/watch?v=EOqKP9dKknc,,1,Worksharp,1,20
CRKT,Noma,8Cr13MoV,84.82,0.80,13.00,0.00,0.00,0.40,0.15,0.20,0.00,0.00,0.02,0.50,0.01,0.00,0.00,0.10,55,Factory,,,9/14/2017,https://www.youtube.com/watch?v=SXgpMZOCQBM,,1,Factory,,
CRKT,Noma,8Cr13MoV,84.82,0.80,13.00,0.00,0.00,0.40,0.15,0.20,0.00,0.00,0.02,0.50,0.01,0.00,0.00,0.10,48,Worksharp,20,,9/14/2017,https://www.youtube.com/watch?v=SXgpMZOCQBM,,2,Worksharp,2,20
Y-Start,Jin01,8Cr13MoV,84.82,0.80,13.00,0.00,0.00,0.40,0.15,0.20,0.00,0.00,0.02,0.50,0.01,0.00,0.00,0.10,42,Worksharp,20,,9/25/2017,https://www.youtube.com/watch?v=XMeMNNCbRU4,Mislabeled as D2? Won't be added to graphs until clarified by Pete,3,Worksharp,3,20
Y-Start,Jin01,8Cr13MoV,84.82,0.80,13.00,0.00,0.00,0.40,0.15,0.20,0.00,0.00,0.02,0.50,0.01,0.00,0.00,0.10,45,Worksharp,20,,9/25/2017,https://www.youtube.com/watch?v=XMeMNNCbRU4,Mislabeled as D2? Won't be added to graphs until clarified by Pete,4,Worksharp,4,20
Kershaw,Atmos,8Cr13MoV,84.82,0.80,13.00,0.00,0.00,0.40,0.15,0.20,0.00,0.00,0.02,0.50,0.01,0.00,0.00,0.10,40,Factory,20,,5/20/2018,https://www.youtube.com/watch?v=TjW70Qjks_c,,2,Factory,5,20
Kershaw,Atmos,8Cr13MoV,84.82,0.80,13.00,0.00,0.00,0.40,0.15,0.20,0.00,0.00,0.02,0.50,0.01,0.00,0.00,0.10,55,Worksharp,20,,5/20/2018,https://www.youtube.com/watch?v=TjW70Qjks_c,,5,Worksharp,6,20
Kershaw,Atmos,8Cr13MoV,84.82,0.80,13.00,0.00,0.00,0.40,0.15,0.20,0.00,0.00,0.02,0.50,0.01,0.00,0.00,0.10,135,Tormek,12,Polished,6/12/2018,https://www.youtube.com/watch?v=fScih1kDlVA,,1,Other,1,12
CRKT,LCK,8Cr13MoV,84.82,0.80,13.00,0.00,0.00,0.40,0.15,0.20,0.00,0.00,0.02,0.50,0.01,0.00,0.00,0.10,130,KME,17,Polished,3/21/2019,https://www.youtube.com/watch?v=sXnB17rmj5g,,1,KME,1,17
Cold Steel,Pocket Bushman,4116,83.58,0.48,14.40,0.00,0.00,0.40,0.50,0.00,0.00,0.00,0.02,0.50,0.00,0.00,0.00,0.13,67,Worksharp,20,,5/11/2017,https://www.youtube.com/watch?v=BMmmLgCregk,,1,Worksharp,1,20
Cold Steel,Working Man,4116,83.58,0.48,14.40,0.00,0.00,0.40,0.50,0.00,0.00,0.00,0.02,0.50,0.00,0.00,0.00,0.13,58,Factory,,,5/21/2018,https://www.youtube.com/watch?v=F5b-LhGlmo4,,1,Factory,,
Ontario,Wraith,4116,83.58,0.48,14.40,0.00,0.00,0.40,0.50,0.00,0.00,0.00,0.02,0.50,0.00,0.00,0.00,0.13,140,Tormek,13,,6/21/2018,https://www.youtube.com/watch?v=9iAcuYbj6Tg,,1,Other,1,13
Foolhardy Knifeworks,Custom,RWL34,79.75,1.05,14.00,0.00,0.00,0.50,4.00,0.00,0.00,0.00,0.00,0.50,0.00,0.00,0.00,0.20,186,Worksharp,20,,3/17/2018,https://www.youtube.com/watch?v=E3UJ0YG8S9w,,1,Worksharp,1,20
Spyderco,Mule Team,RWL34,79.75,1.05,14.00,0.00,0.00,0.50,4.00,0.00,0.00,0.00,0.00,0.50,0.00,0.00,0.00,0.20,475,KME,17,Polished,4/23/2019,https://www.youtube.com/watch?v=Q8P2mX3YWJg,,1,KME,1,17
Tindall Knives,Sawtooth Hunter,O-1,96.28,0.93,0.50,0.00,0.00,1.20,0.00,0.30,0.00,0.00,0.00,0.50,0.00,0.00,0.00,0.30,109,Worksharp,20,,5/19/2017,https://www.youtube.com/watch?v=xL1h_Ko5MAs,,1,Worksharp,1,20
L.T. Wright,Genesis,A2,90.35,1.00,5.38,0.00,0.00,1.00,1.15,0.30,0.00,0.00,0.00,0.50,0.00,0.00,0.00,0.33,216,Stones,,Scandi,1/27/2017,https://www.youtube.com/watch?v=ckXch3xxZ8s,,1,Other,,
Bark River,JX6,A2,90.35,1.00,5.38,0.00,0.00,1.00,1.15,0.30,0.00,0.00,0.00,0.50,0.00,0.00,0.00,0.33,191,Worksharp,20,,7/28/2017,https://www.youtube.com/watch?v=Cd5fiEH3S8w,Mislabeled as CPM154,1,Worksharp,1,20
Fallkniven,U2,SGPS,77.84,1.40,15.00,0.00,0.00,0.40,2.80,0.00,0.00,0.00,0.03,0.50,0.03,0.00,0.00,2.00,291,Worksharp,20,,7/27/2017,https://www.youtube.com/watch?v=rhL749LYg5k,Same as SG2,1,Worksharp,1,20
Spyderco,Para 3,CPM Rex 45,71.49,1.30,4.05,8.00,0.00,0.30,5.00,0.00,0.00,0.00,0.00,0.50,0.06,0.00,6.25,3.05,470,Factory,18,,2/17/2018,https://www.youtube.com/watch?v=pYq5ysJ4D5g,,1,Factory,1,18
Spyderco,Para 3,CPM Rex 45,71.49,1.30,4.05,8.00,0.00,0.30,5.00,0.00,0.00,0.00,0.00,0.50,0.06,0.00,6.25,3.05,590,KME,17,Polished,2/17/2018,https://www.youtube.com/watch?v=pYq5ysJ4D5g,,1,KME,1,17
ZT,0909,CPM S35VN,77.12,1.38,14.00,0.00,0.00,0.50,2.00,0.00,0.50,0.00,0.00,0.50,0.00,0.00,0.00,4.00,109,Worksharp,20,,12/23/2016,https://www.youtube.com/watch?v=hGcO0r1QP4c,,1,Worksharp,1,20
ZT,0909,CPM S35VN,77.12,1.38,14.00,0.00,0.00,0.50,2.00,0.00,0.50,0.00,0.00,0.50,0.00,0.00,0.00,4.00,113,Worksharp,20,,1/16/2017,https://www.youtube.com/watch?v=Zy43RBUH_MQ,,2,Worksharp,2,20
ZT,0450,CPM S35VN,77.12,1.38,14.00,0.00,0.00,0.50,2.00,0.00,0.50,0.00,0.00,0.50,0.00,0.00,0.00,4.00,89,Tormek,,,3/28/2017,https://www.youtube.com/watch?v=yDxSG6xbl7M,,1,Other,,
ZT,0450,CPM S35VN,77.12,1.38,14.00,0.00,0.00,0.50,2.00,0.00,0.50,0.00,0.00,0.50,0.00,0.00,0.00,4.00,30,Worksharp,20,,3/28/2017,https://www.youtube.com/watch?v=yDxSG6xbl7M,Pete didn't include this in his test results,3,Worksharp,3,20
Kizer,Gemini,CPM S35VN,77.12,1.38,14.00,0.00,0.00,0.50,2.00,0.00,0.50,0.00,0.00,0.50,0.00,0.00,0.00,4.00,198,Worksharp,20,,3/29/2017,https://www.youtube.com/watch?v=NfIVmhka_qg,,4,Worksharp,4,20
Chris Reeve,Sebenza,CPM S35VN,77.12,1.38,14.00,0.00,0.00,0.50,2.00,0.00,0.50,0.00,0.00,0.50,0.00,0.00,0.00,4.00,187,Worksharp,20,,4/29/2017,https://www.youtube.com/watch?v=LQjyLk5B7XI,,5,Worksharp,5,20
LA Police Gear,TBFK,CPM S35VN,77.12,1.38,14.00,0.00,0.00,0.50,2.00,0.00,0.50,0.00,0.00,0.50,0.00,0.00,0.00,4.00,180,Worksharp,20,,8/3/2017,https://www.youtube.com/watch?v=5AWIOxsBZwI,,6,Worksharp,6,20
ZT,0220,CPM S35VN,77.12,1.38,14.00,0.00,0.00,0.50,2.00,0.00,0.50,0.00,0.00,0.50,0.00,0.00,0.00,4.00,194,Worksharp,20,,8/12/2017,https://www.youtube.com/watch?v=6axNu9ox1mE,,7,Worksharp,7,20
Kizer,V3 Vigor,CPM S35VN,77.12,1.38,14.00,0.00,0.00,0.50,2.00,0.00,0.50,0.00,0.00,0.50,0.00,0.00,0.00,4.00,210,Lansky,,"Toothy, stropped",1/13/2018,https://www.youtube.com/watch?v=2niHqG5rGYE,,1,Lansky,,
Kizer,V3 Vigor,CPM S35VN,77.12,1.38,14.00,0.00,0.00,0.50,2.00,0.00,0.50,0.00,0.00,0.50,0.00,0.00,0.00,4.00,265,Stones,,Polished,1/13/2018,https://www.youtube.com/watch?v=2niHqG5rGYE,,2,Other,,
Cold Steel,Recon 1,CPM S35VN,77.12,1.38,14.00,0.00,0.00,0.50,2.00,0.00,0.50,0.00,0.00,0.50,0.00,0.00,0.00,4.00,295,Lansky,17,Polished,3/29/2018,https://www.youtube.com/watch?v=f2WU-vUpfXc,,2,Lansky,1,17
Cold Steel,Recon 1,CPM S35VN,77.12,1.38,14.00,0.00,0.00,0.50,2.00,0.00,0.50,0.00,0.00,0.50,0.00,0.00,0.00,4.00,180,Factory,,,3/29/2018,https://www.youtube.com/watch?v=f2WU-vUpfXc,,1,Factory,,
Massdrop,Keen,CPM S35VN,77.12,1.38,14.00,0.00,0.00,0.50,2.00,0.00,0.50,0.00,0.00,0.50,0.00,0.00,0.00,4.00,325,KME,17,Polished,11/17/2018,https://www.youtube.com/watch?v=9pUMXmYVcHY,,1,KME,2,17
North Arm,Skaha,CPM S35VN,77.12,1.38,14.00,0.00,0.00,0.50,2.00,0.00,0.50,0.00,0.00,0.50,0.00,0.00,0.00,4.00,260,Factory,18,,3/1/2019,https://www.youtube.com/watch?v=e2a1Jdf2KR0,,2,Factory,1,18
Chris Reeve Knives,Sebenza,CPM S35VN,77.12,1.38,14.00,0.00,0.00,0.50,2.00,0.00,0.50,0.00,0.00,0.50,0.00,0.00,0.00,4.00,230,,,Factory,9/9/2019,https://www.youtube.com/watch?v=oSr5F3oI32g,Was stropped a little before testing ,#VALUE!,Other,,
Benchmade,940,CPM S30V,77.55,1.45,14.00,0.00,0.00,0.50,2.00,0.00,0.00,0.00,0.00,0.50,0.00,0.00,0.00,4.00,175,Worksharp,20,,12/22/2016,https://www.youtube.com/watch?v=4cxc9fUQhZs,,1,Worksharp,1,20
Spyderco,Sage 2,CPM S30V,77.55,1.45,14.00,0.00,0.00,0.50,2.00,0.00,0.00,0.00,0.00,0.50,0.00,0.00,0.00,4.00,190,Worksharp,20,,2/9/2018,https://www.youtube.com/watch?v=Ijwl9ryeNYg,,2,Worksharp,2,20
Spyderco,Sage 2,CPM S30V,77.55,1.45,14.00,0.00,0.00,0.50,2.00,0.00,0.00,0.00,0.00,0.50,0.00,0.00,0.00,4.00,260,Lansky,17,Polished,2/9/2018,https://www.youtube.com/watch?v=wtXhx2UW3Xg,,1,Lansky,1,17
Benchmade,940,CPM S30V,77.55,1.45,14.00,0.00,0.00,0.50,2.00,0.00,0.00,0.00,0.00,0.50,0.00,0.00,0.00,4.00,220,Tormek,17,,7/5/2018,https://www.youtube.com/watch?v=N560TTE66Us,,1,Other,2,17
Buck,Vantive Pro Small,CPM S30V,77.55,1.45,14.00,0.00,0.00,0.50,2.00,0.00,0.00,0.00,0.00,0.50,0.00,0.00,0.00,4.00,290,Tormek,17,,7/5/2018,https://www.youtube.com/watch?v=N560TTE66Us,,2,Other,3,17
Leatherman,Charge TTI,CPM S30V,77.55,1.45,14.00,0.00,0.00,0.50,2.00,0.00,0.00,0.00,0.00,0.50,0.00,0.00,0.00,4.00,185,Tormek,20,,7/7/2018,https://www.youtube.com/watch?v=G-pGckfXhWk,,3,Other,3,20
Benchmade,940,CPM S30V,77.55,1.45,14.00,0.00,0.00,0.50,2.00,0.00,0.00,0.00,0.00,0.50,0.00,0.00,0.00,4.00,330,KME,16,Polshed (160K grit),7/21/2018,https://www.youtube.com/watch?v=kkL4PAaKhqc,,1,KME,1,16
Benchmade,940,CPM S30V,77.55,1.45,14.00,0.00,0.00,0.50,2.00,0.00,0.00,0.00,0.00,0.50,0.00,0.00,0.00,4.00,275,KME,16,Toothy (600 grit),7/21/2018,https://www.youtube.com/watch?v=kkL4PAaKhqc,,2,KME,2,16
Spyderco,Kapara,CPM S30V,77.55,1.45,14.00,0.00,0.00,0.50,2.00,0.00,0.00,0.00,0.00,0.50,0.00,0.00,0.00,4.00,196,Factory,18,,11/22/2018,https://www.youtube.com/watch?v=Xt5UuvMiQ4s,,1,Factory,1,18
Spyderco,Kapara,CPM S30V,77.55,1.45,14.00,0.00,0.00,0.50,2.00,0.00,0.00,0.00,0.00,0.50,0.00,0.00,0.00,4.00,260,KME,17,1500 grit + 3000 grit strop,12/7/2018,https://www.youtube.com/watch?v=79GWAqZ5XfY&t=8s,,3,KME,4,17
Buck,110,CPM S30V,77.55,1.45,14.00,0.00,0.00,0.50,2.00,0.00,0.00,0.00,0.00,0.50,0.00,0.00,0.00,4.00,420,KME,,,12/22/2018,https://www.youtube.com/watch?v=xGzRRamF0h8,,4,KME,,
Spyderco,Shaman,CPM S30V,77.55,1.45,14.00,0.00,0.00,0.50,2.00,0.00,0.00,0.00,0.00,0.50,0.00,0.00,0.00,4.00,191,Worksharp,20,Convex microbevel,1/13/2019,https://www.youtube.com/watch?v=YED0qi_A9AI,,3,Worksharp,4,20
Spyderco,Shaman,CPM S30V,77.55,1.45,14.00,0.00,0.00,0.50,2.00,0.00,0.00,0.00,0.00,0.50,0.00,0.00,0.00,4.00,310,KME,17,Polished (10 micron),1/13/2019,https://www.youtube.com/watch?v=YED0qi_A9AI,,5,KME,5,17
Victorinox,Hunter Pro Alox,420A,85.49,0.21,13.00,0.00,0.00,0.75,0.00,0.00,0.00,0.00,0.04,0.50,0.02,0.00,0.00,0.00,87,Factory,,,2/9/2019,https://www.youtube.com/watch?v=GlOhEnN2UNo,,1,Factory,,
Victorinox,Hunter Pro Alox,420A,85.49,0.21,13.00,0.00,0.00,0.75,0.00,0.00,0.00,0.00,0.04,0.50,0.02,0.00,0.00,0.00,170,KME,17,Polished,2/9/2019,https://www.youtube.com/watch?v=GlOhEnN2UNo,,1,KME,1,17
Spyderco,Police 4,K390,77.10,2.45,4.15,2.00,0.00,0.00,3.75,0.00,0.00,0.00,0.00,0.55,0.00,0.00,1.00,9.00,240,Unknown,,,9/30/2017,https://www.youtube.com/watch?v=MFBZilpO-5M,,1,Other,,
Spyderco,Police 4,K390,77.10,2.45,4.15,2.00,0.00,0.00,3.75,0.00,0.00,0.00,0.00,0.55,0.00,0.00,1.00,9.00,396,Lansky,17,Polished,11/30/2017,https://www.youtube.com/watch?v=qYYifebZ8B0,,1,Lansky,1,17
Spyderco,Police 4,K390,77.10,2.45,4.15,2.00,0.00,0.00,3.75,0.00,0.00,0.00,0.00,0.55,0.00,0.00,1.00,9.00,520,Lansky,17,Toothy,2/10/2018,https://www.youtube.com/watch?v=iuBMcBjQyDE,,2,Lansky,2,17
Spyderco,Mule Team,K390,77.10,2.45,4.15,2.00,0.00,0.00,3.75,0.00,0.00,0.00,0.00,0.55,0.00,0.00,1.00,9.00,940,KME,17,Polished,4/14/2019,https://www.youtube.com/watch?v=4Sdp8Rjo1i0,,1,KME,3,17
Spyderco,Delica,VG10,80.22,1.00,15.00,1.40,0.00,0.50,1.05,0.00,0.00,0.00,0.03,0.60,0.00,0.00,0.00,0.20,75,Worksharp,20,,12/17/2016,https://www.youtube.com/watch?v=SO2maqvQgCA,,1,Worksharp,1,20
Fallkniven,F1,VG10,80.22,1.00,15.00,1.40,0.00,0.50,1.05,0.00,0.00,0.00,0.03,0.60,0.00,0.00,0.00,0.20,74,Worksharp,20,,5/6/2017,https://www.youtube.com/watch?v=qrlr2WhipPM,,2,Worksharp,2,20
Kizer,Dukes,VG10,80.22,1.00,15.00,1.40,0.00,0.50,1.05,0.00,0.00,0.00,0.03,0.60,0.00,0.00,0.00,0.20,83,Worksharp,20,,9/8/2017,https://www.youtube.com/watch?v=guTrA9zNN8g,,3,Worksharp,3,20
SOG,Vulcan,VG10,80.22,1.00,15.00,1.40,0.00,0.50,1.05,0.00,0.00,0.00,0.03,0.60,0.00,0.00,0.00,0.20,99,Factory,,,9/13/2017,https://www.youtube.com/watch?v=tanj6tGVvkM,,1,Factory,,
Spyderco,Delica,VG10,80.22,1.00,15.00,1.40,0.00,0.50,1.05,0.00,0.00,0.00,0.03,0.60,0.00,0.00,0.00,0.20,115,Lansky,17,Polished,2/28/2018,https://www.youtube.com/watch?v=WJau5e-ZwPY,,1,Lansky,1,17
Kizer,Vanguard V3 Vigor?,VG10,80.22,1.00,15.00,1.40,0.00,0.50,1.05,0.00,0.00,0.00,0.03,0.60,0.00,0.00,0.00,0.20,340,Tormek,12,,6/26/2018,https://www.youtube.com/watch?v=uhCjS5MoSFI,,1,Other,1,12
Spyderco,Endura,VG10,80.22,1.00,15.00,1.40,0.00,0.50,1.05,0.00,0.00,0.00,0.03,0.60,0.00,0.00,0.00,0.20,135,Factory,,,2/9/2019,https://www.youtube.com/watch?v=GlOhEnN2UNo,,2,Factory,,
Spyderco,Endura,VG10,80.22,1.00,15.00,1.40,0.00,0.50,1.05,0.00,0.00,0.00,0.03,0.60,0.00,0.00,0.00,0.20,260,KME,17,Polished,2/9/2019,https://www.youtube.com/watch?v=GlOhEnN2UNo,,1,KME,2,17
Spyderco,Southard,CTS 204P,71.55,1.90,20.00,0.00,0.00,0.30,1.00,0.00,0.00,0.00,0.00,0.60,0.00,0.00,0.65,4.00,321,Worksharp,20,,7/27/2017,https://www.youtube.com/watch?v=UvhGZxZrRZQ,,1,Worksharp,1,20
Jaktkit,Knv2,99Cr18MoV,80.11,1.08,16.90,0.00,0.08,0.50,0.45,0.23,0.00,0.00,0.03,0.60,0.01,0.01,0.00,0.00,90,Worksharp,20,,10/11/2018,https://www.youtube.com/watch?v=ga6r_h7yaMM,,1,Worksharp,1,20
Victorinox,Explorer,Victorinox,82.93,0.52,15.00,0.00,0.00,0.45,0.50,0.00,0.00,0.00,0.00,0.60,0.00,0.00,0.00,0.00,36,Worksharp,20,,12/23/2016,https://www.youtube.com/watch?v=tzbzbYMw8Aw,,1,Worksharp,1,20
Victorinox,Explorer,Victorinox,82.93,0.52,15.00,0.00,0.00,0.45,0.50,0.00,0.00,0.00,0.00,0.60,0.00,0.00,0.00,0.00,38,Worksharp,20,,12/23/2016,https://www.youtube.com/watch?v=ITcV-GSTGEU,,2,Worksharp,2,20
Victorinox,?,Victorinox,82.93,0.52,15.00,0.00,0.00,0.45,0.50,0.00,0.00,0.00,0.00,0.60,0.00,0.00,0.00,0.00,90,Tormek,12,,6/13/2018,https://www.youtube.com/watch?v=kMYS5ejJNYk,,1,Other,1,12
Victorinox,Ferrox,Victorinox,82.93,0.52,15.00,0.00,0.00,0.45,0.50,0.00,0.00,0.00,0.00,0.60,0.00,0.00,0.00,0.00,40,Worksharp,20,,8/6/2018,https://www.youtube.com/watch?v=IPwa1-YRVL0,,3,Worksharp,3,20
Fallkniven,PCso,Lam CoS,77.11,1.05,16.00,2.50,0.00,0.40,1.50,0.25,0.00,0.00,0.03,0.65,0.01,0.00,0.25,0.25,176,Worksharp,20,,5/8/2017,https://www.youtube.com/watch?v=reQPUzMZtc4,,1,Worksharp,1,20
Hultofors,GK,SK-5,97.97,0.85,0.00,0.00,0.00,0.50,0.00,0.00,0.00,0.00,0.03,0.65,0.00,0.00,0.00,0.00,58,Worksharp,20,,7/25/2017,https://www.youtube.com/watch?v=_NRTT6gLodA,,1,Worksharp,1,20
Lionsteel,TRE,M390,71.50,1.90,20.00,0.00,0.00,0.30,1.00,0.00,0.00,0.00,0.00,0.70,0.00,0.00,0.60,4.00,334,Worksharp,20,,3/3/2017,https://www.youtube.com/watch?v=CxlkSRc3YRA,,1,Worksharp,1,20
WE,620-J,M390,71.50,1.90,20.00,0.00,0.00,0.30,1.00,0.00,0.00,0.00,0.00,0.70,0.00,0.00,0.60,4.00,309,Worksharp,20,,1/16/2018,https://www.youtube.com/watch?v=HQVme-lxcnM,,2,Worksharp,2,20
WE,620-JJ,M390,71.50,1.90,20.00,0.00,0.00,0.30,1.00,0.00,0.00,0.00,0.00,0.70,0.00,0.00,0.60,4.00,400,Lansky,20,,1/18/2018,https://www.youtube.com/watch?v=TapqWzHpkR0,,1,Lansky,3,20
Steel Will,Cutjack,M390,71.50,1.90,20.00,0.00,0.00,0.30,1.00,0.00,0.00,0.00,0.00,0.70,0.00,0.00,0.60,4.00,450,Lansky,17,Polished,2/14/2018,https://www.youtube.com/watch?v=YSqcxbb2BTU,,2,Lansky,1,17
Steel Will,Modus,M390,71.50,1.90,20.00,0.00,0.00,0.30,1.00,0.00,0.00,0.00,0.00,0.70,0.00,0.00,0.60,4.00,425,Lansky,17,Polished,2/15/2018,https://www.youtube.com/watch?v=Vygkmuk-2UU,,3,Lansky,2,17
Steel Will,Modus,M390,71.50,1.90,20.00,0.00,0.00,0.30,1.00,0.00,0.00,0.00,0.00,0.70,0.00,0.00,0.60,4.00,550,Tormek,13,,6/22/2018,https://www.youtube.com/watch?v=9JUKJO1-NAg,,1,Other,1,13
Steel Will,Modus,M390,71.50,1.90,20.00,0.00,0.00,0.30,1.00,0.00,0.00,0.00,0.00,0.70,0.00,0.00,0.60,4.00,810,Tormek,12,,6/22/2018,https://www.youtube.com/watch?v=9JUKJO1-NAg,,2,Other,1,12
Viper,Belone,M390,71.50,1.90,20.00,0.00,0.00,0.30,1.00,0.00,0.00,0.00,0.00,0.70,0.00,0.00,0.60,4.00,275,Factory,18,,3/4/2019,https://www.youtube.com/watch?v=B6Cay7QAxLU,,1,Factory,1,18
Bark River,Kephart 5,CPM 4V,85.65,1.35,5.00,0.00,0.00,0.40,2.95,0.00,0.00,0.00,0.00,0.80,0.00,0.00,0.00,3.85,475,Factory,,,3/2/2018,https://www.youtube.com/watch?v=_eYfuIzFckY,,1,Factory,,
Spyderco,Para 3,CPM 4V,85.65,1.35,5.00,0.00,0.00,0.40,2.95,0.00,0.00,0.00,0.00,0.80,0.00,0.00,0.00,3.85,370,Factory,18,,2/14/2019,https://www.youtube.com/watch?v=AiCHWQ8hVwY,,2,Factory,1,18
Spyderco,Para 3,CPM 4V,85.65,1.35,5.00,0.00,0.00,0.40,2.95,0.00,0.00,0.00,0.00,0.80,0.00,0.00,0.00,3.85,600,KME,18,Polished,3/18/2019,https://www.youtube.com/watch?v=5D3GJn1qzLM,,1,KME,2,18
Lionsteel,SR11,Sleipner,86.90,0.90,7.80,0.00,0.00,0.50,2.50,0.00,0.00,0.00,0.00,0.90,0.00,0.00,0.00,0.50,105,Worksharp,20,,1/7/2018,https://www.youtube.com/watch?v=7YLsLWG8oig,,1,Worksharp,1,20
Lionsteel,SR11,Sleipner,86.90,0.90,7.80,0.00,0.00,0.50,2.50,0.00,0.00,0.00,0.00,0.90,0.00,0.00,0.00,0.50,182,Lansky,20,Polished,1/7/2018,https://www.youtube.com/watch?v=7YLsLWG8oig,,1,Lansky,2,20
Spyderco,Mantra,CPM M4,78.58,1.40,4.00,0.00,0.00,0.30,5.25,0.00,0.00,0.00,0.00,0.90,0.07,0.00,5.50,4.00,224,Worksharp,20,,12/18/2016,https://www.youtube.com/watch?v=WM0FENr9uLg,,1,Worksharp,1,20
Benchmade,Contego,CPM M4,78.58,1.40,4.00,0.00,0.00,0.30,5.25,0.00,0.00,0.00,0.00,0.90,0.07,0.00,5.50,4.00,340,Tormek,,Toothy,9/6/2017,https://www.youtube.com/watch?v=epTqPjwF-wk,,1,Other,,
Benchmade,Contego,CPM M4,78.58,1.40,4.00,0.00,0.00,0.30,5.25,0.00,0.00,0.00,0.00,0.90,0.07,0.00,5.50,4.00,280,Worksharp,20,,9/14/2017,https://www.youtube.com/watch?v=TgVnFssWBGM,,2,Worksharp,2,20
Spyderco,Mantra,CPM M4,78.58,1.40,4.00,0.00,0.00,0.30,5.25,0.00,0.00,0.00,0.00,0.90,0.07,0.00,5.50,4.00,489,Lansky,17,Toothy,2/10/2018,https://www.youtube.com/watch?v=iuBMcBjQyDE,,1,Lansky,1,17
Spyderco,Mantra,CPM M4,78.58,1.40,4.00,0.00,0.00,0.30,5.25,0.00,0.00,0.00,0.00,0.90,0.07,0.00,5.50,4.00,500,KME,15,Polished (160K grit),7/14/2018,https://www.youtube.com/watch?v=DEsZTPK9m6I,,1,KME,1,15
Spyderco,Mantra,CPM M4,78.58,1.40,4.00,0.00,0.00,0.30,5.25,0.00,0.00,0.00,0.00,0.90,0.07,0.00,5.50,4.00,700,KME,15,Toothy (600 grit),7/14/2018,https://www.youtube.com/watch?v=DEsZTPK9m6I,,2,KME,2,15
Spyderco,Advocate,CPM M4,78.58,1.40,4.00,0.00,0.00,0.30,5.25,0.00,0.00,0.00,0.00,0.90,0.07,0.00,5.50,4.00,700,KME,18,1500 grit ,10/12/2018,https://www.youtube.com/watch?v=0d3gMqOGgsY,,3,KME,1,18
Spyderco,Mule Team,CPM M4,78.58,1.40,4.00,0.00,0.00,0.30,5.25,0.00,0.00,0.00,0.00,0.90,0.07,0.00,5.50,4.00,620,KME,17,Polished,6/26/2019,https://www.youtube.com/watch?v=_IqVelpcils,,4,KME,2,17
Spyderco,K2,CPM 10V,79.78,2.45,5.25,0.00,0.00,0.50,1.30,0.00,0.00,0.00,0.00,0.90,0.07,0.00,0.00,9.75,389,Worksharp,20,,4/2/2017,https://www.youtube.com/watch?v=lhG8iDm-d9c,,1,Worksharp,1,20
Spyderco,K-2,CPM 10V,79.78,2.45,5.25,0.00,0.00,0.50,1.30,0.00,0.00,0.00,0.00,0.90,0.07,0.00,0.00,9.75,550,Lansky,17,Toothy,4/5/2018,https://www.youtube.com/watch?v=glkuRniee6M,Uncomfortable handle,1,Lansky,1,17
Gerber,Strongarm,CTS BDZ1,83.45,0.68,13.00,0.00,0.00,1.00,0.75,0.00,0.00,0.00,0.03,1.00,0.00,0.00,0.00,0.10,76,Worksharp,20,,2/15/2018,https://www.youtube.com/watch?v=QEGQGkBkreI,,1,Worksharp,1,20
Gerber,Strongarm,CTS BDZ1,83.45,0.68,13.00,0.00,0.00,1.00,0.75,0.00,0.00,0.00,0.03,1.00,0.00,0.00,0.00,0.10,111,Lansky,20,Polished,2/15/2018,https://www.youtube.com/watch?v=QEGQGkBkreI,,1,Lansky,2,20
SOG,Terminus XR,CTS BDZ1,83.45,0.68,13.00,0.00,0.00,1.00,0.75,0.00,0.00,0.00,0.03,1.00,0.00,0.00,0.00,0.10,65,Factory,,,11/9/2018,https://www.youtube.com/watch?v=74glzrNTPH8,,1,Factory,,
SOG,Terminus XR,CTS BDZ1,83.45,0.68,13.00,0.00,0.00,1.00,0.75,0.00,0.00,0.00,0.03,1.00,0.00,0.00,0.00,0.10,135,KME,17,Mirror polish,11/9/2018,https://www.youtube.com/watch?v=74glzrNTPH8,,1,KME,1,17
Cold Steel,Spartan,AUS 10,82.79,1.03,13.75,0.00,0.00,0.50,0.20,0.49,0.00,0.00,0.04,1.00,0.03,0.00,0.00,0.18,150,Factory,,,10/15/2018,https://www.youtube.com/watch?v=2CoQnIyv-eE,,1,Factory,,
Cold Steel,Spartan,AUS 10,82.79,1.03,13.75,0.00,0.00,0.50,0.20,0.49,0.00,0.00,0.04,1.00,0.03,0.00,0.00,0.18,140,Worksharp,20,micro convex,10/15/2018,https://www.youtube.com/watch?v=2CoQnIyv-eE,,1,Worksharp,1,20
Ontario,RAT 1,AUS 8,83.09,0.73,13.75,0.00,0.00,0.50,0.20,0.49,0.00,0.00,0.04,1.00,0.03,0.00,0.00,0.18,56,Worksharp,20,,12/19/2016,https://www.youtube.com/watch?v=t_KHSuwr5vY,,1,Worksharp,1,20
Cold Steel,Kobun,AUS 8,83.09,0.73,13.75,0.00,0.00,0.50,0.20,0.49,0.00,0.00,0.04,1.00,0.03,0.00,0.00,0.18,52,Worksharp,20,,7/15/2017,https://www.youtube.com/watch?v=JdV4u6nnYrY,,2,Worksharp,2,20
Cold Steel,Finn Wolf,AUS 8,83.09,0.73,13.75,0.00,0.00,0.50,0.20,0.49,0.00,0.00,0.04,1.00,0.03,0.00,0.00,0.18,80,Unknown,,Scandi,8/15/2017,https://www.youtube.com/watch?v=_nhL5FWZhyI,,1,Other,,
Al Mar,Falcon,AUS 8,83.09,0.73,13.75,0.00,0.00,0.50,0.20,0.49,0.00,0.00,0.04,1.00,0.03,0.00,0.00,0.18,60,Worksharp,20,,9/8/2017,https://www.youtube.com/watch?v=guTrA9zNN8g,,3,Worksharp,3,20
Al Mar,Falcon,AUS 8,83.09,0.73,13.75,0.00,0.00,0.50,0.20,0.49,0.00,0.00,0.04,1.00,0.03,0.00,0.00,0.18,125,Tormek,13,Polished,6/11/2018,https://www.youtube.com/watch?v=K07PbaHK-lE,Polished with a WS belt and compound,2,Other,1,13
Samura,Bamboo SBA-0085,AUS 8,83.09,0.73,13.75,0.00,0.00,0.50,0.20,0.49,0.00,0.00,0.04,1.00,0.03,0.00,0.00,0.18,67,Worksharp,20,,8/6/2018,https://www.youtube.com/watch?v=IPwa1-YRVL0,,4,Worksharp,4,20
Samura,SM00-23,AUS 8,83.09,0.73,13.75,0.00,0.00,0.50,0.20,0.49,0.00,0.00,0.04,1.00,0.03,0.00,0.00,0.18,60,Worksharp,20,,8/6/2018,https://www.youtube.com/watch?v=IPwa1-YRVL0,,5,Worksharp,5,20
Samura,SS67-045,AUS 8,83.09,0.73,13.75,0.00,0.00,0.50,0.20,0.49,0.00,0.00,0.04,1.00,0.03,0.00,0.00,0.18,60,Worksharp,20,,8/6/2018,https://www.youtube.com/watch?v=IPwa1-YRVL0,,6,Worksharp,6,20
Ka-Bar,Black Mule,AUS 8,83.09,0.73,13.75,0.00,0.00,0.50,0.20,0.49,0.00,0.00,0.04,1.00,0.03,0.00,0.00,0.18,105,KME,16,Mirror polish,10/4/2018,https://www.youtube.com/watch?v=m2fRXal13qQ,,1,KME,1,16
Ka-Bar,Black Mule,AUS 8,83.09,0.73,13.75,0.00,0.00,0.50,0.20,0.49,0.00,0.00,0.04,1.00,0.03,0.00,0.00,0.18,85,KME,16,600 grit,10/4/2018,https://www.youtube.com/watch?v=m2fRXal13qQ,,2,KME,2,16
Ka-bar,Dozier,AUS-8,83.09,0.73,13.75,0.00,0.00,0.50,0.20,0.49,0.00,0.00,0.04,1.00,0.03,0.00,0.00,0.18,73,,,Factory,9/9/2019,https://www.youtube.com/watch?v=oSr5F3oI32g,,#VALUE!,Other,,
Leatherman,Surge,420HC,83.90,0.45,13.00,0.00,0.00,0.80,0.60,0.00,0.00,0.00,0.05,1.00,0.02,0.00,0.00,0.18,44,Worksharp,20,,12/19/2016,https://www.youtube.com/watch?v=aIpIZ-YCtRk,,1,Worksharp,1,20
Gerber,Strongarm,420HC,83.90,0.45,13.00,0.00,0.00,0.80,0.60,0.00,0.00,0.00,0.05,1.00,0.02,0.00,0.00,0.18,48,Worksharp,20,,7/15/2017,https://www.youtube.com/watch?v=txZqfYaP2Ec,,2,Worksharp,2,20
Gerber,Strongarm,420HC,83.90,0.45,13.00,0.00,0.00,0.80,0.60,0.00,0.00,0.00,0.05,1.00,0.02,0.00,0.00,0.18,50,Worksharp,20,,2/15/2018,https://www.youtube.com/watch?v=QEGQGkBkreI,,3,Worksharp,3,20
Gerber,Strongarm,420HC,83.90,0.45,13.00,0.00,0.00,0.80,0.60,0.00,0.00,0.00,0.05,1.00,0.02,0.00,0.00,0.18,80,Lansky,20,Polished,2/15/2018,https://www.youtube.com/watch?v=QEGQGkBkreI,,1,Lansky,4,20
Buck,Selkirk,420HC,83.90,0.45,13.00,0.00,0.00,0.80,0.60,0.00,0.00,0.00,0.05,1.00,0.02,0.00,0.00,0.18,40,Worksharp,20,,6/3/2018,https://www.youtube.com/watch?v=ok8CsAQD9B4,,4,Worksharp,5,20
Leatherman,Surge,420HC,83.90,0.45,13.00,0.00,0.00,0.80,0.60,0.00,0.00,0.00,0.05,1.00,0.02,0.00,0.00,0.18,60,Tormek,21,,6/27/2018,https://www.youtube.com/watch?v=DLWil_ECChU,,1,Other,1,21
Buck,110,420HC,83.90,0.45,13.00,0.00,0.00,0.80,0.60,0.00,0.00,0.00,0.05,1.00,0.02,0.00,0.00,0.18,115,,,Factory,9/9/2019,https://www.youtube.com/watch?v=oSr5F3oI32g,,#VALUE!,Other,,
Buck,Vantage Select Small,Bos 420HC,83.90,0.45,13.00,0.00,0.00,0.80,0.60,0.00,0.00,0.00,0.05,1.00,0.02,0.00,0.00,0.18,67,Worksharp,20,,12/19/2016,https://www.youtube.com/watch?v=aIpIZ-YCtRk,,1,Worksharp,1,20
Bark River,Bravo,CPM 3V,86.35,0.80,7.50,0.00,0.00,0.30,1.30,0.00,0.00,0.00,0.00,1.00,0.00,0.00,0.00,2.75,198,Worksharp,20,,2/7/2017,https://www.youtube.com/watch?v=ytnQzLy8B5s,,1,Worksharp,1,20
Cold Steel,Master Hunter,CPM 3V,86.35,0.80,7.50,0.00,0.00,0.30,1.30,0.00,0.00,0.00,0.00,1.00,0.00,0.00,0.00,2.75,209,Worksharp,20,,7/17/2017,https://www.youtube.com/watch?v=1mqgnyy9PDY,,2,Worksharp,2,20
Survive Knives,GSO 4.7,CPM 3V,86.35,0.80,7.50,0.00,0.00,0.30,1.30,0.00,0.00,0.00,0.00,1.00,0.00,0.00,0.00,2.75,85,Factory,,,5/27/2018,https://www.youtube.com/watch?v=khKEFXm2faI,,1,Factory,,
Survive Knives,GSO 4.7,CPM 3V,86.35,0.80,7.50,0.00,0.00,0.30,1.30,0.00,0.00,0.00,0.00,1.00,0.00,0.00,0.00,2.75,195,Worksharp,20,,5/27/2018,https://www.youtube.com/watch?v=khKEFXm2faI,,3,Worksharp,3,20
Survive Knives,GSO 4.7,CPM 3V,86.35,0.80,7.50,0.00,0.00,0.30,1.30,0.00,0.00,0.00,0.00,1.00,0.00,0.00,0.00,2.75,207,Lansky,20,3000 grit,5/27/2018,https://www.youtube.com/watch?v=khKEFXm2faI,,1,Lansky,4,20
Survive Knives,GSO 4.7,CPM 3V,86.35,0.80,7.50,0.00,0.00,0.30,1.30,0.00,0.00,0.00,0.00,1.00,0.00,0.00,0.00,2.75,290,KME,17,Polished (160K grit),7/22/2018,https://www.youtube.com/watch?v=GYgCVCXInSs,,1,KME,1,17
Survive Knives,GSO 4.7,CPM 3V,86.35,0.80,7.50,0.00,0.00,0.30,1.30,0.00,0.00,0.00,0.00,1.00,0.00,0.00,0.00,2.75,240,KME,17,Toothy (600 grit),7/22/2018,https://www.youtube.com/watch?v=GYgCVCXInSs,,2,KME,2,17
Spyderco,Para 3,CTS BD1N,80.44,0.90,16.00,0.00,0.00,1.00,0.50,0.00,0.00,0.13,0.03,1.00,0.01,0.00,0.00,0.00,150,Factory,17,,5/13/2019,https://www.youtube.com/watch?v=7RvP4A1tGeU,,1,Factory,1,17
Spyderco,Para 3,CTS BD1N,80.44,0.90,16.00,0.00,0.00,1.00,0.50,0.00,0.00,0.13,0.03,1.00,0.01,0.00,0.00,0.00,375,KME,17,Polished,5/13/2019,https://www.youtube.com/watch?v=7RvP4A1tGeU,,1,KME,2,17
Buck,311,420J2,84.60,0.33,13.00,0.00,0.00,1.00,0.00,0.00,0.00,0.00,0.04,1.00,0.03,0.00,0.00,0.00,40,Worksharp,20,,1/23/2018,https://www.youtube.com/watch?v=B-tC62cg6j8,,1,Worksharp,1,20
Ka-Bar,Becker Remora,440A,79.48,0.70,17.00,0.00,0.00,1.00,0.75,0.00,0.00,0.00,0.04,1.00,0.03,0.00,0.00,0.00,38,Worksharp,20,,8/15/2017,https://www.youtube.com/watch?v=sG00gpaKsmY,,1,Worksharp,1,20
Z-Hunter,Fixed Blade,440A,79.48,0.70,17.00,0.00,0.00,1.00,0.75,0.00,0.00,0.00,0.04,1.00,0.03,0.00,0.00,0.00,30,Tormek,12,,7/6/2018,https://www.youtube.com/watch?v=hHhBZbJlDys,,1,Other,1,12
Cutco,Camp Knife,440B,79.33,0.85,17.00,0.00,0.00,1.00,0.75,0.00,0.00,0.00,0.04,1.00,0.03,0.00,0.00,0.00,50,Worksharp,20,,4/26/2018,https://www.youtube.com/watch?v=IXOARRM7FlQ,,1,Worksharp,1,20
Ganzo,G741,440C,79.11,1.08,17.00,0.00,0.00,1.00,0.75,0.00,0.00,0.00,0.04,1.00,0.03,0.00,0.00,0.00,55,Worksharp,20,,12/27/2016,https://www.youtube.com/watch?v=EOqKP9dKknc,,1,Worksharp,1,20
Lionsteel,Mini,440C,79.11,1.08,17.00,0.00,0.00,1.00,0.75,0.00,0.00,0.00,0.04,1.00,0.03,0.00,0.00,0.00,77,Worksharp,20,,9/1/2017,https://www.youtube.com/watch?v=EqLW9BxMkak,,2,Worksharp,2,20
Victorinox,Hunter Pro,440C,79.11,1.08,17.00,0.00,0.00,1.00,0.75,0.00,0.00,0.00,0.04,1.00,0.03,0.00,0.00,0.00,57,Worksharp,20,,9/23/2017,https://www.youtube.com/watch?v=eDHFwAPvP0g,,3,Worksharp,3,20
Kizlyar,Hero,440C,79.11,1.08,17.00,0.00,0.00,1.00,0.75,0.00,0.00,0.00,0.04,1.00,0.03,0.00,0.00,0.00,75,Worksharp,20,,2/1/2018,https://www.youtube.com/watch?v=kNVxb_r098s,,4,Worksharp,4,20
Kizlyar,Ute,440C,79.11,1.08,17.00,0.00,0.00,1.00,0.75,0.00,0.00,0.00,0.04,1.00,0.03,0.00,0.00,0.00,70,Worksharp,20,,2/1/2018,https://www.youtube.com/watch?v=kNVxb_r098s,,5,Worksharp,5,20
Gerber,Bear Grylls Survival Knife,7Cr17MoV,78.94,0.68,17.00,0.00,0.00,1.00,0.75,0.60,0.00,0.00,0.04,1.00,0.00,0.00,0.00,0.00,35,Worksharp,20,,5/6/2017,https://www.youtube.com/watch?v=Pd_2Oe8rtnY&,Question about which steel this is,1,Worksharp,1,20
Strider,SnG,CTS 40CP,79.11,1.10,17.00,0.00,0.00,1.00,0.75,0.00,0.00,0.00,0.04,1.00,0.00,0.00,0.00,0.00,285,Worksharp,20,,5/6/2017,https://www.youtube.com/watch?v=TiVtcJd0lP4,,1,Worksharp,1,20
Freewolf,Warriors?,9Cr18MoV,79.39,1.03,17.00,0.00,0.00,0.80,0.75,0.00,0.00,0.00,0.04,1.00,0.00,0.00,0.00,0.00,72,Worksharp,20,,12/24/2017,https://www.youtube.com/watch?v=Oeyvono_jpg,,1,Worksharp,1,20
Civivi,Praxis,9Cr18MoV,79.39,1.03,17.00,0.00,0.00,0.80,0.75,0.00,0.00,0.00,0.04,1.00,0.00,0.00,0.00,0.00,90,Factory,,,9/27/2018,https://www.youtube.com/watch?v=vBuNBeMnIgU,,1,Factory,,
Civivi,Praxis,9Cr18MoV,79.39,1.03,17.00,0.00,0.00,0.80,0.75,0.00,0.00,0.00,0.04,1.00,0.00,0.00,0.00,0.00,210,KME,17,Mirror polish,9/27/2018,https://www.youtube.com/watch?v=vBuNBeMnIgU,,1,KME,1,17
Creely Blades,Mako,Cru Wear,84.75,1.15,7.50,0.00,0.00,0.35,1.60,0.00,0.00,0.00,0.00,1.10,0.00,0.00,1.15,2.40,375,Lansky,17,Polished,3/11/2018,https://www.youtube.com/watch?v=mrsOaNOL9Ws,,1,Lansky,1,17
Creely Blades,Mako,Cru Wear,84.75,1.15,7.50,0.00,0.00,0.35,1.60,0.00,0.00,0.00,0.00,1.10,0.00,0.00,1.15,2.40,350,Lansky,17,Toothy,3/11/2018,https://www.youtube.com/watch?v=mrsOaNOL9Ws,,2,Lansky,2,17
Spyderco,Para 3,Cru Wear,84.75,1.15,7.50,0.00,0.00,0.35,1.60,0.00,0.00,0.00,0.00,1.10,0.00,0.00,1.15,2.40,300,Factory,18,,2/14/2018,https://www.youtube.com/watch?v=AiCHWQ8hVwY,,1,Factory,1,18
Spyderco,Mule Team,Cru Wear,84.75,1.15,7.50,0.00,0.00,0.35,1.60,0.00,0.00,0.00,0.00,1.10,0.00,0.00,1.15,2.40,400,KME,17,Polished,7/25/2019,https://www.youtube.com/watch?v=91OyDvPu-Rc,,1,KME,3,17
Spyderco,Mule Team,PD1,84.60,1.10,7.75,0.00,0.00,0.25,1.60,0.00,0.00,0.00,0.00,1.20,0.00,0.00,1.10,2.40,550,KME,17,Polished,5/3/2019,https://www.youtube.com/watch?v=erjJTnx9bf8,,1,KME,1,17
Spyderco,Dragonfly II,H1,70.93,0.15,15.00,0.00,0.00,2.00,1.00,7.00,0.00,0.10,0.04,3.75,0.03,0.00,0.00,0.00,42,Worksharp,20,,7/14/2017,https://www.youtube.com/watch?v=3oq7Y4yeI58,,1,Worksharp,1,20
Spyderco,Dragonfly II,H1,70.93,0.15,15.00,0.00,0.00,2.00,1.00,7.00,0.00,0.10,0.04,3.75,0.03,0.00,0.00,0.00,44,Worksharp,20,,7/14/2017,https://www.youtube.com/watch?v=3oq7Y4yeI58,,2,Worksharp,2,20
Spyderco,Dragonfly II,H1,70.93,0.15,15.00,0.00,0.00,2.00,1.00,7.00,0.00,0.10,0.04,3.75,0.03,0.00,0.00,0.00,44,Worksharp,20,,7/14/2017,https://www.youtube.com/watch?v=3oq7Y4yeI58,,3,Worksharp,3,20
Creely Blades,Mako,Nitrobe 77,80.90,0.10,14.50,0.00,0.00,0.00,3.00,0.00,0.50,0.90,0.00,0.00,0.00,0.00,0.00,0.10,225,KME,17,Polished,5/25/2019,https://www.youtube.com/watch?v=iZV6jslLJ6U,,1,KME,1,17
Ka-Bar,BK7,1095 Cro-Van,98.38,1.03,0.05,0.00,0.00,0.04,0.06,0.25,0.00,0.00,0.00,0.00,0.00,0.00,0.00,0.20,87,Worksharp,20,,7/4/2017,https://www.youtube.com/watch?v=qPWrqiEQO30,,1,Worksharp,1,20
Boker,Bob Dozier Fixed Blade,CPM D2,85.25,1.55,11.50,0.00,0.00,0.00,0.90,0.00,0.00,0.00,0.00,0.00,0.00,0.00,0.00,0.80,225,Factory,20,Honed,3/31/2019,https://www.youtube.com/watch?v=s9KtEY6dfIw,,1,Factory,1,20
Boker,Bob Dozier Fixed Blade,CPM D2,85.25,1.55,11.50,0.00,0.00,0.00,0.90,0.00,0.00,0.00,0.00,0.00,0.00,0.00,0.00,0.80,440,KME,17,Polished,3/31/2019,https://www.youtube.com/watch?v=s9KtEY6dfIw,,1,KME,1,17
Lionsteel,T5,Niolox,83.80,0.80,12.70,0.00,0.00,0.00,1.10,0.00,0.70,0.00,0.00,0.00,0.00,0.00,0.00,0.90,135,Worksharp,20,,5/26/2017,https://www.youtube.com/watch?v=dG24znf0Q3A,,1,Worksharp,1,20
Ontario,RAT 1,D2,84.80,1.50,12.00,0.00,0.00,0.00,0.80,0.00,0.00,0.00,0.00,0.00,0.00,0.00,0.00,0.90,120,Worksharp,20,,12/19/2016,https://www.youtube.com/watch?v=t_KHSuwr5vY,,1,Worksharp,1,20
Viper,Keeper,D2,84.80,1.50,12.00,0.00,0.00,0.00,0.80,0.00,0.00,0.00,0.00,0.00,0.00,0.00,0.00,0.90,67,Worksharp,20,,9/3/2017,https://www.youtube.com/watch?v=TO88OLA76T4,,2,Worksharp,2,20
Viper,Keeper,D2,84.80,1.50,12.00,0.00,0.00,0.00,0.80,0.00,0.00,0.00,0.00,0.00,0.00,0.00,0.00,0.90,70,Worksharp,20,,9/3/2017,https://www.youtube.com/watch?v=TO88OLA76T4,,3,Worksharp,3,20
Viper,Keeper ,D2,84.80,1.50,12.00,0.00,0.00,0.00,0.80,0.00,0.00,0.00,0.00,0.00,0.00,0.00,0.00,0.90,95,Tormek,,,9/9/2017,https://www.youtube.com/watch?v=IRsscnuA5Yw,,1,Other,,
Kizlyar,Prime D2 BT,D2,84.80,1.50,12.00,0.00,0.00,0.00,0.80,0.00,0.00,0.00,0.00,0.00,0.00,0.00,0.00,0.90,75,Factory,20,,11/7/2017,https://www.youtube.com/watch?v=PwkGN_Pdf7I,,1,Factory,4,20
Kizlyar,Prime DT BT,D2,84.80,1.50,12.00,0.00,0.00,0.00,0.80,0.00,0.00,0.00,0.00,0.00,0.00,0.00,0.00,0.90,105,Worksharp,20,,11/7/2017,https://www.youtube.com/watch?v=PwkGN_Pdf7I,,4,Worksharp,5,20
Kizlyar,Biker Z,D2,84.80,1.50,12.00,0.00,0.00,0.00,0.80,0.00,0.00,0.00,0.00,0.00,0.00,0.00,0.00,0.90,53,Lansky,20,,1/11/2018,https://www.youtube.com/watch?v=5BMzWigsdOM,,1,Lansky,6,20
Kizlyar,Biker Z,D2,84.80,1.50,12.00,0.00,0.00,0.00,0.80,0.00,0.00,0.00,0.00,0.00,0.00,0.00,0.00,0.90,25,Worksharp,20,,1/11/2018,https://www.youtube.com/watch?v=5BMzWigsdOM,,5,Worksharp,7,20
Kizlyar,Biker Z,D2,84.80,1.50,12.00,0.00,0.00,0.00,0.80,0.00,0.00,0.00,0.00,0.00,0.00,0.00,0.00,0.90,80,Lansky,20,Toothy,1/11/2018,https://www.youtube.com/watch?v=5BMzWigsdOM,,2,Lansky,8,20
Boker,Vox Rold,D2,84.80,1.50,12.00,0.00,0.00,0.00,0.80,0.00,0.00,0.00,0.00,0.00,0.00,0.00,0.00,0.90,208,Lansky,20,Toothy,1/12/2018,https://www.youtube.com/watch?v=NLEZHG3Kvos,,3,Lansky,9,20
Kizlyar,Biker Z,D2,84.80,1.50,12.00,0.00,0.00,0.00,0.80,0.00,0.00,0.00,0.00,0.00,0.00,0.00,0.00,0.90,85,Lansky,20,Toothy,1/12/2018,https://www.youtube.com/watch?v=NLEZHG3Kvos,,4,Lansky,10,20
Kizlyar,Zedd,D2,84.80,1.50,12.00,0.00,0.00,0.00,0.80,0.00,0.00,0.00,0.00,0.00,0.00,0.00,0.00,0.90,67,Factory,,,2/12/2018,https://www.youtube.com/watch?v=A05fN8cPAks,,2,Factory,,
Ontario,RAT 1,D2,84.80,1.50,12.00,0.00,0.00,0.00,0.80,0.00,0.00,0.00,0.00,0.00,0.00,0.00,0.00,0.90,220,KME,15,1500 grit,11/10/2018,https://www.youtube.com/watch?v=fEzK0OUxgQM,Pete sharpened,1,KME,1,15
Ontario,RAT 1,D2,84.80,1.50,12.00,0.00,0.00,0.00,0.80,0.00,0.00,0.00,0.00,0.00,0.00,0.00,0.00,0.90,340,TSProf,15,Polished,11/10/2018,https://www.youtube.com/watch?v=fEzK0OUxgQM,Nathan sharpened,2,Other,2,15
Ontario,RAT 1,D2,84.80,1.50,12.00,0.00,0.00,0.00,0.80,0.00,0.00,0.00,0.00,0.00,0.00,0.00,0.00,0.90,240,KO Worksharp,15,Polished,11/10/2018,https://www.youtube.com/watch?v=fEzK0OUxgQM,"Jethro sharpened (Ken Onion Worksharp, micro convex edge)",3,Other,3,15
Ontario,RAT 1,D2,84.80,1.50,12.00,0.00,0.00,0.00,0.80,0.00,0.00,0.00,0.00,0.00,0.00,0.00,0.00,0.90,280,Stones,15,Polished,11/10/2018,https://www.youtube.com/watch?v=fEzK0OUxgQM,Travis sharpened,4,Other,4,15
Ontario,RAT 1,D2,84.80,1.50,12.00,0.00,0.00,0.00,0.80,0.00,0.00,0.00,0.00,0.00,0.00,0.00,0.00,0.90,290,EdgePro,15,1100 grit + strop,3/22/2019,https://www.youtube.com/watch?v=Hz73CvjVbnA,,5,Other,5,15
Spyderco,Manbug,HAP40,72.70,1.30,4.00,8.00,0.00,0.00,5.00,0.00,0.00,0.00,0.00,0.00,0.00,0.00,6.00,3.00,173,Worksharp,20,,2/5/2017,https://www.youtube.com/watch?v=5-df9i6YQck,,1,Worksharp,1,20
Spyderco,Dragonfly II,HAP40,72.70,1.30,4.00,8.00,0.00,0.00,5.00,0.00,0.00,0.00,0.00,0.00,0.00,0.00,6.00,3.00,300,Worksharp,20,Polished (blue belt),3/4/2018,https://www.youtube.com/watch?v=6rqZhZegIHA,,2,Worksharp,2,20
Spyderco,Dragonfly II,HAP40,72.70,1.30,4.00,8.00,0.00,0.00,5.00,0.00,0.00,0.00,0.00,0.00,0.00,0.00,6.00,3.00,415,Lansky,17,"Toothy, stropped",3/4/2018,https://www.youtube.com/watch?v=6rqZhZegIHA,,1,Lansky,1,17
Shannon Steel Labs,Apex,Vanax SuperClean,75.30,0.35,18.20,0.00,0.00,0.00,1.10,0.00,0.00,1.55,0.00,0.00,0.00,0.00,0.00,3.50,300,Worksharp,20,Microconvex,7/28/2018,https://www.youtube.com/watch?v=ICrFN4vOrYM,,1,Worksharp,1,20
Shannon Steel Labs,Apex,Vanax SuperClean,75.30,0.35,18.20,0.00,0.00,0.00,1.10,0.00,0.00,1.55,0.00,0.00,0.00,0.00,0.00,3.50,550,KME,17,Toothy (600 grit),7/28/2018,https://www.youtube.com/watch?v=ICrFN4vOrYM,,1,KME,1,17
Shannon Steel Labs,Apex,Vanax SuperClean,75.30,0.35,18.20,0.00,0.00,0.00,1.10,0.00,0.00,1.55,0.00,0.00,0.00,0.00,0.00,3.50,680,KME,17,Polished (160K grit),7/29/2018,https://www.youtube.com/watch?v=xOUwjwt5SII,,2,KME,2,17
Shannon Steel Labs,Apex,Vanax SuperClean,75.30,0.35,18.20,0.00,0.00,0.00,1.10,0.00,0.00,1.55,0.00,0.00,0.00,0.00,0.00,3.50,790,Tormek,13,1000 grit,8/1/2018,https://www.youtube.com/watch?v=-yS6wyV4eCs,,1,Other,1,13
Spyderco,Manix 2,Maxamet,64.07,2.15,4.75,10.00,0.00,0.00,0.00,0.00,0.00,0.00,0.00,0.00,0.03,0.00,13.00,6.00,563,Worksharp,20,,4/27/2017,https://www.youtube.com/watch?v=8I4JD8JAvVE,,1,Worksharp,1,20
Spyderco,Manix 2,Maxamet,64.07,2.15,4.75,10.00,0.00,0.00,0.00,0.00,0.00,0.00,0.00,0.00,0.03,0.00,13.00,6.00,810,Lansky,17,Toothy,1/21/2018,https://www.youtube.com/watch?v=jI_j0fFQhaM,,1,Lansky,1,17
Spyderco,Native 5,Maxamet,64.07,2.15,4.75,10.00,0.00,0.00,0.00,0.00,0.00,0.00,0.00,0.00,0.03,0.00,13.00,6.00,1050,EdgePro,17,"Polished (5 micron stone, 3 micron strop)",1/31/2019,https://www.youtube.com/watch?v=9uJPtm5LX5k,,1,Other,2,17
Spyderco,Mule Team,Maxamet,64.07,2.15,4.75,10.00,0.00,0.00,0.00,0.00,0.00,0.00,0.00,0.00,0.03,0.00,13.00,6.00,1075,KME,17,Polished,7/25/2019,https://www.youtube.com/watch?v=91OyDvPu-Rc,,1,KME,3,17
Spyderco,Manix 2,CPM S110V,65.10,2.80,14.00,2.00,0.00,0.00,3.50,0.00,3.60,0.00,0.00,0.00,0.00,0.00,0.00,9.00,281,Worksharp,20,,12/20/2016,https://www.youtube.com/watch?v=ndr4Cfla9j0,,1,Worksharp,1,20
Spyderco,PM2,CPM S110V,65.10,2.80,14.00,2.00,0.00,0.00,3.50,0.00,3.60,0.00,0.00,0.00,0.00,0.00,0.00,9.00,295,Worksharp,20,,8/20/2017,https://www.youtube.com/watch?v=dgQc37VbM04,Compression lock uncomfortable for this test,2,Worksharp,2,20
Spyderco,Para 3,CPM S110V,65.10,2.80,14.00,2.00,0.00,0.00,3.50,0.00,3.60,0.00,0.00,0.00,0.00,0.00,0.00,9.00,500,Lansky,17,Toothy,2/17/2018,https://www.youtube.com/watch?v=hIzozlRRySo,,1,Lansky,1,17
Spyderco,PM2,CPM S110V,65.10,2.80,14.00,2.00,0.00,0.00,3.50,0.00,3.60,0.00,0.00,0.00,0.00,0.00,0.00,9.00,680,KME,13,600 grit,9/16/2018,https://www.youtube.com/watch?v=XoKssgJb6eI,,1,KME,1,13
Spyderco,PM2,CPM S110V,65.10,2.80,14.00,2.00,0.00,0.00,3.50,0.00,3.60,0.00,0.00,0.00,0.00,0.00,0.00,9.00,650,KME,13,Polished,9/16/2018,https://www.youtube.com/watch?v=XoKssgJb6eI,,2,KME,2,13
Spyderco,Native 5,CPM S90V,73.70,2.30,14.00,0.00,0.00,0.00,1.00,0.00,0.00,0.00,0.00,0.00,0.00,0.00,0.00,9.00,278,Worksharp,20,,9/18/2017,https://www.youtube.com/watch?v=PnGZucst6M4,,1,Worksharp,1,20
Benchmade,Altitude,CPM S90V,73.70,2.30,14.00,0.00,0.00,0.00,1.00,0.00,0.00,0.00,0.00,0.00,0.00,0.00,0.00,9.00,440,Lansky,17,Toothy,3/14/2018,https://www.youtube.com/watch?v=u8WuSySOdOA,,1,Lansky,1,17
Spyderco,Mule Team,CPM S90V,73.70,2.30,14.00,0.00,0.00,0.00,1.00,0.00,0.00,0.00,0.00,0.00,0.00,0.00,0.00,9.00,700,KME,17,Polished,5/5/2019,https://www.youtube.com/watch?v=mScL5ad9FAM,,1,KME,2,17
Creely Blades,Mako,CPM Rex 121,59.07,3.40,4.00,9.00,0.00,0.00,5.00,0.00,0.00,0.00,0.00,0.00,0.03,0.00,10.00,9.50,950,Lansky,17,Toothy,3/7/2018,https://www.youtube.com/watch?v=yJnL5eW-gwo,,1,Lansky,1,17
Creely Blades,Mako,CPM Rex 121,59.07,3.40,4.00,9.00,0.00,0.00,5.00,0.00,0.00,0.00,0.00,0.00,0.03,0.00,10.00,9.50,1300,KO Worksharp,13,Polished,7/3/2018,https://www.youtube.com/watch?v=t0Nd02e6P9E,,1,Other,1,13
Creely Blades,Mako,CPM Rex 121,59.07,3.40,4.00,9.00,0.00,0.00,5.00,0.00,0.00,0.00,0.00,0.00,0.03,0.00,10.00,9.50,500,KME,15,300 grit,9/10/2018,https://www.youtube.com/watch?v=ps6A_fddqIg,"Coarse edge, almost a little serrated",1,KME,1,15
Creely Blades,Mako,CPM Rex 121,59.07,3.40,4.00,9.00,0.00,0.00,5.00,0.00,0.00,0.00,0.00,0.00,0.03,0.00,10.00,9.50,1200,KME,15,600 grit + Tormek strop,12/15/2018,https://www.youtube.com/watch?v=o2FHwnTH_sE,,2,KME,2,15
Creely Blades,Mako,CPM Rex 121,59.07,3.40,4.00,9.00,0.00,0.00,5.00,0.00,0.00,0.00,0.00,0.00,0.03,0.00,10.00,9.50,1540,TSProf,14,Polished,3/13/2019,https://www.youtube.com/watch?v=yD2eVdtov88,Nathan sharpened,2,Other,1,14
Unknown ,Shirogorov clone,CPM S125V,68.25,3.25,14.00,0.00,0.00,0.00,2.50,0.00,0.00,0.00,0.00,0.00,0.00,0.00,0.00,12.00,650,Factory,17,,8/30/2018,https://www.youtube.com/watch?v=JfPt7fWPPaE,,1,Factory,1,17
ESEE,4,1095,98.20,0.95,0.00,0.00,0.00,0.40,0.00,0.00,0.00,0.00,0.20,0.00,0.25,0.00,0.00,0.00,75,Worksharp,20,,1/25/2017,https://www.youtube.com/watch?v=9HXm35API-s,,1,Worksharp,1,20
Schrade,SCHF52D,1095,98.20,0.95,0.00,0.00,0.00,0.40,0.00,0.00,0.00,0.00,0.20,0.00,0.25,0.00,0.00,0.00,69,Worksharp,20,,5/8/2017,https://www.youtube.com/watch?v=7k8NjwpIUwY,,2,Worksharp,2,20
GEC,#71 Farm and Field ,1095,98.20,0.95,0.00,0.00,0.00,0.40,0.00,0.00,0.00,0.00,0.20,0.00,0.25,0.00,0.00,0.00,155,Tormek,12,,6/12/2018,https://www.youtube.com/watch?v=QtWsNSXeBYo,,1,Other,1,12
ZT,0562,Elmax,81.75,0.30,15.00,0.00,0.00,1.00,0.95,0.50,0.00,0.50,0.00,0.00,0.00,0.00,0.00,0.00,236,Worksharp,20,,5/11/2017,https://www.youtube.com/watch?v=BhFWw1szfmg,,1,Worksharp,1,20
Microtech,DOC,Elmax,81.75,0.30,15.00,0.00,0.00,1.00,0.95,0.50,0.00,0.50,0.00,0.00,0.00,0.00,0.00,0.00,320,Lansky,20,Polished,1/23/2018,https://www.youtube.com/watch?v=5-WX22DoRLM,,1,Lansky,2,20
Spyderco,Mule Team,Elmax,81.75,0.30,15.00,0.00,0.00,1.00,0.95,0.50,0.00,0.50,0.00,0.00,0.00,0.00,0.00,0.00,475,KME,17,Polished,4/29/2019,https://www.youtube.com/watch?v=DfirJEFuooU,,1,KME,1,17
Spyderco,Spydiechef,LC200N,81.75,0.30,15.00,0.00,0.00,1.00,0.95,0.50,0.00,0.50,0.00,0.00,0.00,0.00,0.00,0.00,226,Worksharp,20,,4/21/2017,https://www.youtube.com/watch?v=qy98dAj-2s0,,1,Worksharp,1,20
Spyderco,Spydiechef,LC200N,81.75,0.30,15.00,0.00,0.00,1.00,0.95,0.50,0.00,0.50,0.00,0.00,0.00,0.00,0.00,0.00,330,Lansky,20,Polished,12/26/2017,https://www.youtube.com/watch?v=M2wG_nSrZZY,,1,Lansky,2,20
Spyderco,Spydiechef,LC200N,81.75,0.30,15.00,0.00,0.00,1.00,0.95,0.50,0.00,0.50,0.00,0.00,0.00,0.00,0.00,0.00,550,KME,16,Polished (160K grit),7/15/2018,https://www.youtube.com/watch?v=FwHvWm4drlg,,1,KME,1,16
Spyderco,Spydiechef,LC200N,81.75,0.30,15.00,0.00,0.00,1.00,0.95,0.50,0.00,0.50,0.00,0.00,0.00,0.00,0.00,0.00,430,KME,16,Toothy (600 grit),7/15/2018,https://www.youtube.com/watch?v=FwHvWm4drlg,,2,KME,2,16
Shannon Steel Labs,Apex,LC200N,81.75,0.30,15.00,0.00,0.00,1.00,0.95,0.50,0.00,0.50,0.00,0.00,0.00,0.00,0.00,0.00,230,Worksharp,20,Microconvex,7/28/2018,https://www.youtube.com/watch?v=ICrFN4vOrYM,Labeled as Z-FiNit steel on the knife,2,Worksharp,3,20
Shannon Steel Labs,Apex,LC200N,81.75,0.30,15.00,0.00,0.00,1.00,0.95,0.50,0.00,0.50,0.00,0.00,0.00,0.00,0.00,0.00,390,KME,17,Toothy (600 grit),7/28/2018,https://www.youtube.com/watch?v=ICrFN4vOrYM,Labeled as Z-FiNit steel on the knife,3,KME,1,17
Shannon Steel Labs,Apex,LC200N,81.75,0.30,15.00,0.00,0.00,1.00,0.95,0.50,0.00,0.50,0.00,0.00,0.00,0.00,0.00,0.00,525,KME,17,Polsihed (160K grit),7/29/2018,https://www.youtube.com/watch?v=xOUwjwt5SII,Labeled as Z-FiNit steel on the knife,4,KME,2,17
Shannon Steel Labs,Apex,LC200N,81.75,0.30,15.00,0.00,0.00,1.00,0.95,0.50,0.00,0.50,0.00,0.00,0.00,0.00,0.00,0.00,300,Tormek,13,1000 grit,8/3/2018,https://www.youtube.com/watch?v=iY-MMOmEiYA,Labeled at Z-FiNit steel on the knife,1,Other,1,13
Spyderco,Mule Team,LC200N,81.75,0.30,15.00,0.00,0.00,1.00,0.95,0.50,0.00,0.50,0.00,0.00,0.00,0.00,0.00,0.00,350,KME,17,Polished,5/29/2019,https://www.youtube.com/watch?v=X0qH3iYFy98,,5,KME,3,17
Spyderco,Waterway,LC200N,81.75,0.30,15.00,0.00,0.00,1.00,0.95,0.50,0.00,0.50,0.00,0.00,0.00,0.00,0.00,0.00,385,KME,17,Polished,5/31/2019,https://www.youtube.com/watch?v=7Z1uQAtR3pM&t=10s,,6,KME,4,17
Cold Steel,SRK,VG-1,84.45,1.00,14.00,0.00,0.00,0.00,0.30,0.25,0.00,0.00,0.00,0.00,0.00,0.00,0.00,0.00,73,Worksharp,20,,2/16/2018,https://www.youtube.com/watch?v=g-bFvJEqxGg,,1,Worksharp,1,20